query	1	Does Suddenlink Carry ESPN3

query	2	Ludacris Net Worth

query	3	accelerated cml symptoms

query	4	acute myelogenous leukemia age

query	5	advanced aerospace engineering salary

query	6	airport code mont tremblant

query	7	airport outfit

query	8	al baik food houston

query	9	architectural design

query	10	asus phones price list

query	11	auger defined

query	12	automated cells & equipment

query	13	bash meanong

query	14	bay rum scent

query	15	belizean cuisine

query	16	benefit administrative systems insurance

query	17	biggest german shepherds

query	18	biomedical scientist salary uk per hour

query	19	bipolar mood symptoms

query	20	blue sky charge controller price

query	21	blueberries pint

query	22	boulangerie pronunciation

query	23	bracelet charms numbers

query	24	brandywine md population

query	25	burning libraries

query	26	business first bank houma louisiana

query	27	calan medication

query	28	calculate days past ovulation

query	29	calculate total days between two dates

query	30	calgary population

query	31	calling powershell functions

query	32	calorie sweet potatoes

query	33	calories burned using elliptical

query	34	calories crab meat

query	35	calories italian beef sandwich

query	36	calories per brat

query	37	campagnolo bikes

query	38	cannot delete partition

query	39	cannot uninstall windirstat

query	40	cgd autoimmune

query	41	chagas early stage symptoms

query	42	cherry dr pepper calories

query	43	child psychiatrist salary 2016

query	44	chili's pork carnitas calories

query	45	cincinnati baseball teams

query	46	circadian rhythm disorders symptoms

query	47	color overlay photoshop

query	48	coloring pages numbers

query	49	columbus iron works

query	50	consolidate function

query	51	copperhead snake bite effects

query	52	crew fort worth application

query	53	current assets / current liabilities

query	54	current fad diet

query	55	david tepper net worth

query	56	dcu routing number'

query	57	deed restrictions

query	58	deepest voice ever

query	59	delta airlines cncellation fee

query	60	dendritic spines

query	61	describe java.awt package

query	62	detox bath ingredients epsom salt

query	63	devine paint color stores

query	64	diabetes medication farxiga

query	65	dianna dahlgren net worth

query	66	difference between hid & led bulbs

query	67	difference between scholarships grants loans

query	68	differences between bone cells

query	69	different hindu prayers

query	70	different types led lights

query	71	diy stucco onto concrete block

query	72	early pregnancy symptoms before missed period

query	73	enu protein shake

query	74	environment variables types

query	75	epoxy countertops price per square foot

query	76	extended hours permit

query	77	fastest cell phone processor

query	78	fastest lamborghini

query	79	fenugreek supplement benefits

query	80	fifth season vikings

query	81	fingers carpal tunnel symptoms

query	82	foods not eat migraine

query	83	foods that begin with r

query	84	foods that cause candida growth

query	85	foods that contains calcium

query	86	foods that ease arthritis

query	87	foods that help cortisol stress

query	88	frey syndrome symptoms

query	89	general izzam

query	90	george lucas entrepreneur

query	91	geranium rose essential oil benefits

query	92	granulocytes dendritic cells

query	93	green acres tv show cast

query	94	guatemala absolute location

query	95	hamp modification

query	96	hba1c normal target ranges

query	97	head sores scalp

query	98	health reform bill

query	99	health services administration salary

query	100	heart rate increase during exercise

query	101	heels or heal

query	102	highest cash rewards credit cards

query	103	highest mileage crossover india

query	104	highest salary ronaldo

query	105	highest scoring nba final game

query	106	highest state income tax rate

query	107	hillsborough community college president

query	108	homocysteine routine test

query	109	honda type r price

query	110	hopalong cassidy's horse's name

query	111	hp envy size

query	112	idiotsguides tai chi

query	113	ie import bookmarks

query	114	ifsc code hdfc koramangala

query	115	iis post size limit

query	116	indiana baseball coach

query	117	insight cuba

query	118	ira transfer vs rollover ira

query	119	irish foods list

query	120	irregular flagstone

query	121	jackfruit recipe vegan

query	122	java chip frappucino ingredients

query	123	josephine's feast

query	124	jujube candy flavors

query	125	konig class battleship

query	126	lakegirl address

query	127	land rover velar price

query	128	largest airport near lake clear ny

query	129	largest magnitude earthquake ever recorded

query	130	largest rabbit breeds

query	131	lauren london age

query	132	linking verb synonym

query	133	little caesars italian cheese bread calories

query	134	lockheed martin field engineer salary

query	135	longest hair

query	136	longest legs model

query	137	longest living shark

query	138	longest running african american sitcom

query	139	losartan side effects erectile dysfunction

query	140	lotte world skyscraper

query	141	mario batali net worth

query	142	marketing communication specialist job duties

query	143	mastocytosis symptoms

query	144	medication administration closed system

query	145	mexico population policy life expectancy

query	146	mia nrt distance

query	147	monoxide poisoning symptoms

query	148	most expensive car brands

query	149	most expensive sports franchise

query	150	most expensive violin ever

query	151	most hit powerball numbers

query	152	most popular neil diamond song

query	153	most popular news networks

query	154	most secluded beach north carolina

query	155	name lennart

query	156	nauticus hours

query	157	ndola lime address

query	158	neurological syphilis symptoms

query	159	nicotinic antagonists

query	160	node js import

query	161	osteoblastic metastatic disease symptoms

query	162	parkinson's disease symptoms depression

query	163	pomegranate seeds calories

query	164	pottawatomie massacre quizlet

query	165	pregnancy symptoms by day

query	166	price, ut

query	167	prohibition defdinition

query	168	reaction augmentin symptoms

query	169	reflexive example

query	170	research tech salary

query	171	rex rabbit breed history

query	172	risperdal m tab side effects

query	173	ron hiw net worth

query	174	russ simmons net worth

query	175	samsung galaxy s6 edge att price

query	176	saptco bus schedule

query	177	secura personal cleanser

query	178	semi monthly pay schedule

query	179	should diabetics eat watermelon

query	180	side effects steroid injection

query	181	smoking teeth oral cancer

query	182	suicide squad squad cast

query	183	sydeny climate

query	184	symptoms pain under arm

query	185	symptoms parkinson's

query	186	taylor swift rapping

query	187	tceq renewal hours

query	188	temperature sensors - analog output

query	189	temple university student population

query	190	time travel theories

query	191	tobira stock price

query	192	toenails growing curved

query	193	trade price carpets

query	194	treating tension headaches without medication

query	195	twin tower adress

query	196	two rivers supervisory union

query	197	types ofsexual disorder mayo

query	198	types organizational structure

query	199	types racing go kart

query	200	unemployment rate honolulu hawaii

query	201	us army green beret training

query	202	utm rounds

query	203	vanda orchids different leaf types

query	204	vanguard wellesley income

query	205	verrucous lesion

query	206	view pay stub

query	207	virginia corporate income tax due date

query	208	virus reproduce name

query	209	visceral defined

query	210	vitamin b contraindications

query	211	vittorio cottafavi

query	212	voluntary paternity establishment florida

query	213	vvi airport code

query	214	war guilt clause effect

query	215	washington state mortgage rates

query	216	watery blurry eyes

query	217	weekly unemployment claim vt

query	218	wellcare mike vice president

query	219	wenatchee washington population

query	220	westborough local history librarian

query	221	wget http files

query	222	what's beyond pluto

query	223	what's monogamy

query	224	wheat germ oil skin benefits

query	225	whole foods plant ba

query	226	alpha orthodontic

query	227	what's tom cruise's birth name

query	228	what's grounding

query	229	cwh price target

query	230	culpeper flag

query	231	who's billy bush?

query	232	chrome defined

query	233	winn companies salaries

query	234	world population clock live

query	235	world's largest bass caught

query	236	would human urine keep deer away

query	237	wow stonetalon mountains

query	238	wright city mo population

query	239	yeast symptoms std

query	240	carnationÂ® evaporated milk total calories

query	241	carewell urgent

query	242	carbon reactivation facilities california

query	243	adverse synonym

query	244	canada most dense area

query	245	weston wv taxes

query	246	calories burrito supreme

query	247	california wildfire largest

query	248	wbtv location

query	249	wayfair tile

query	250	war thunder launcher

query	251	walking tall cast members

query	252	wadi sirhan

query	253	vulnerability analysis

query	254	cadillac alternator price

query	255	cadi b age

query	256	vinny paz net worth

query	257	cad heart related

query	258	vermont chocolate factory

query	259	usb host controller functions

query	260	unspecific synonym

query	261	troy student population

query	262	tooth veneers process

query	263	tim chapman net worth

query	264	thermo fisher scientific benefits

query	265	britne oldford worth

query	266	temperature diode

query	267	temperature at searcy ark

query	268	braidy industries charles price

query	269	tax planning defined

query	270	stevie wonder worth

query	271	stellar lumens price forecast

query	272	sprint family locator price

query	273	spectrum jobs benefits

query	274	sore synonyms

query	275	shopko kennewick address

query	276	shane net worth

query	277	server virtualization defined

query	278	blisovi dangerous side effects

query	279	semispinalis function

query	280	seattle city light salary

query	281	sea cucumber health benefits

query	282	adam bossov

query	283	schizandra berry dosage side effects

query	284	saphenous neuropathy symptoms

query	285	black mass film cast

query	286	royal enfield stealth black price

query	287	recurrent gastric cancer symptoms

query	288	recommended temperature

query	289	projection defense mechanism defines

query	290	population decline new castle pa

query	291	population based incremental learning (pbil)

query	292	polystone uhmw weight

query	293	pineapple conure price

query	294	patricia longley alaska

query	295	pantone color numbers

query	296	benson radiology

query	297	northwoods transfer station hours

query	298	north pole temperature surges

query	299	north branford ct population

query	300	north andover ma area code

