query	1	network and the sec
query	2	christopher brian bridges
query	3	disease in which the bone
query	4	years in the white
query	5	starting salaries
query	6	pierre elliott trudeau international airport
query	7	airport outfit
query	8	sections of this page
query	9	architectural design values
query	10	tablets where it has already
query	11	shape
query	12	equipment was incorporated in 1996
query	13	crushing blow
query	14	fragrance is all about exotic
query	15	belize and their respectively
query	16	group has been recognized
query	17	quick answer
query	18	locum job vacancy
query	19	perhaps the most difficult
query	20	sky energy solar boost sb2000e
query	21	blueberry equivalents
query	22	like how you say
query	23	charm bracelets number charm bracelets
query	24	population
query	25	chinese emperor qin shi huang
query	26	business first bank
query	27	verapamil
query	28	ovulation up to the day
query	29	sure these dates in double
query	30	throes of an economic
query	31	active oldest votes
query	32	sweet potato
query	33	elliptical exercise
query	34	around 70 to 100
query	35	italian beef
query	36	bratwurst calories
query	37	including the three grand tours
query	38	file or crash dump information
query	39	remove programs offers users
query	40	diseases in which certain
query	41	widely from no symptoms
query	42	pepper cherry
query	43	psychiatrists in the united
query	44	pork carnitas taco
query	45	league and the midwest
query	46	disruption of the normal
query	47	showed you how to add
query	48	numbers coloring page features
query	49	parts for other manufacturers
query	50	data tools group
query	51	symptoms such as those listed
query	52	crew fort worth
query	53	assets are those assets
query	54	rise above the rest
query	55	tepper is an american
query	56	banking and go to account
query	57	listed in the deed
query	58	singer tim storms holds
query	59	credit is used to pay
query	60	signals to the neuron
query	61	contains all of the classes
query	62	salt detox bath instructions
query	63	devine color creamy wall coatings
query	64	last reviewed on rxlist
query	65	dahlgren is from california whose
query	66	difference between hid and led
query	67	grants
query	68	types of cells that contribute
query	69	vedas are compilations of hymns
query	70	color into the white
query	71	concrete bonding agent onto
query	72	one of the earliest
query	73	protein because it uses
query	74	surrounded by the percent
query	75	resin price range
query	76	extended hours construction permit application
query	77	faster than the snapdragon
query	78	geneva motor show
query	79	seasoning in the middle
query	80	canada and in the united
query	81	radiate to the thumb
query	82	aug 16th 2013 feb 22nd
query	83	article we will cover
query	84	candida there are other things
query	85	section on calcium absorption
query	86	fish are rich in omega-3
query	87	stabilizing blood sugar include vegetables
query	88	various sources for frey
query	89	general manager of regency lexus
query	90	selling it to the walt
query	91	uses rose geranium essential oil
query	92	granulocytes and the macrophages
query	93	hooterville with the complete first
query	94	close to the southern
query	95	mha is the home
query	96	range for the hemoglobin
query	97	develop on the scalp
query	98	health care reform
query	99	average health services administrator salary
query	100	heart rate
query	101	touches the ground and provides
query	102	similar to the chase
query	103	maruti ciaz diesel shvs-
query	104	cristiano ronaldo net worth
query	105	overtime game between the portland
query	106	states on the fta
query	107	driving under the influence
query	108	health practitioner may order
query	109	rivals such as the ford
query	110	hopalong cassidy
query	111	website is the hp envy
query	112	author of the complete
query	113	existing bookmarks from mozilla firefox
query	114	hdfc bank koramangala 4th
query	115	large file upload
query	116	lemonis hired as indiana baseball
query	117	cuba for up to two
query	118	rollovers can only be made
query	119	meat in ireland food
query	120	irregular flagstone
query	121	soy milk
query	122	preparation starbucks java chip frappuccino
query	123	make summer more fun
query	124	jujubes history
query	125	marine on the eve
query	126	file for this trademark
query	127	velar will be on sale
query	128	stay in the area
query	129	identified the 25 biggest earthquakes
query	130	large as some mid
query	131	turn 34 on 05 december
query	132	linking verb
query	133	little caesars italian cheese bread
query	134	lockheed martin jobs
query	135	meters that was reported
query	136	model chases record
query	137	sharks are now the longest
query	138	jefferson into the world
query	139	losartan erectile dysfunction
query	140	busan lotte world tower
query	141	batali is an american
query	142	services to customers and prospects
query	143	mastocytosis includes
query	144	tell me what their nicus
query	145	world rank
query	146	states to narita international airport
query	147	dull headache
query	148	known all over the world
query	149	teams in the world
query	150	violin in the world
query	151	list of the main
query	152	related neil diamond questions
query	153	followed by 22 percent
query	154	beauty and moments of solitude
query	155	german baby name the german
query	156	nauticus and the battleship
query	157	ndola lime company
query	158	refers to the infection
query	159	nicotinic antagonists inhibit
query	160	load data infile
query	161	signs and symptoms of bone
query	162	parkinsons disease
query	163	pomegranate seeds nutrition facts
query	164	brown and his sons
query	165	symptoms that you can experience
query	166	park and the cleveland
query	167	hide examples
query	168	symptoms such as difficulty
query	169	sentence
query	170	based on the employment
query	171	breed originated in france
query	172	tab include
query	173	ron howard
query	174	wendell simmons is an american
query	175	samsung gear circle bluetooth stereo
query	176	saudi public transport company
query	177	cleanser is an antimicrobial
query	178	business has to decide
query	179	diabetes life
query	180	lumbar epidural steroid injection
query	181	major cause of cancers
query	182	squad at the 2016
query	183	sydney weather
query	184	armpit pain
query	185	general symptoms
query	186	adam fleischer
query	187	course of the three
query	188	highly linear output proportional
query	189	temple university
query	190	travel is the concept
query	191	rating on the common
query	192	becomes more and more curved
query	193	years in my rental properties
query	194	alternative to other medicine
query	195	inmate at the la county
query	196	two rivers supervisory union located
query	197	age when the abuse
query	198	best of the both worlds
query	199	types of kart racing
query	200	hawaii taxes
query	201	green berets
query	202	right are the target
query	203	species distributed from east asia
query	204	product management
query	205	layer of the skin
query	206	versus that of the traditional
query	207	general instructions
query	208	sense they do not really
query	209	organs of the body
query	210	b12 in the body include
query	211	vittorio cottafavi
query	212	many who would willingly establish
query	213	santa cruz de la sierra
query	214	war and was liable
query	215	mortgage rates for washington
query	216	sensation of being too dry
query	217	vermont unemployment weekly claim
query	218	mike joined wellcare in may
query	219	2016 wenatchee
query	220	westborough public library maintains collections
query	221	files from the web
query	222	spain and the uk suggest
query	223	monogamy noun
query	224	cardiovascular disease
query	225	diet is centered on whole
query	226	office in the region
query	227	currently be trying to shed
query	228	means the part which carries
query	229	cwh in the last
query	230	earlier in the year
query	231	reputation on the west coast
query	232	blog and in this comic
query	233	per year for senior accountant
query	234	demographics of the world
query	235	bass and other species
query	236	interesting to them and possibly
query	237	stonetalon mountains rare spawns
query	238	least educated cities
query	239	present with an itchy
query	240	equivalent to the calories
query	241	services to the norwell
query	242	evoqua the only supplier
query	243	top adverse synonyms
query	244	canada with its neighbour
query	245	total local sales tax rate
query	246	bell shredded chicken burrito supreme
query	247	wildfire in the state
query	248	full time
query	249	ceramic at your fingertips
query	250	software in the category
query	251	walking tall
query	252	sirhan is the name
query	253	vulnerability assessment
query	254	ville alternator replacement costs
query	255	talking to dj self
query	256	vinny pazienza net worth
query	257	coronary artery disease
query	258	vermont chocolate factory chocolate hollow
query	259	usb host controller
query	260	noun
query	261	troy school district
query	262	cons of the procedure
query	263	result of his successful
query	264	file with the state
query	265	eddie campbell on the american
query	266	diode temperature sensors
query	267	winters are very cold
query	268	founding employees also participating
query	269	exercise minimizing liability using
query	270	stevie wonder net worth
query	271	2018 is the newest
query	272	sprint family locator
query	273	eligible to receive an extensive
query	274	synonyms
query	275	867 north columbia center blvd
query	276	filan was with egan
query	277	based on the kvm
query	278	swelling of the ankles
query	279	rotate in the opposite
query	280	average seattle city light salary
query	281	result of its protein
query	282	legal service located in chicago
query	283	schizandra dosage
query	284	signs and symptoms of saphenous
query	285	addition to this firecracker
query	286	royal enfield classic stealth black
query	287	blood in the stool
query	288	changes in their recommended
query	289	psychological defense mechanism
query	290	change which is the 4th
query	291	psss parameters using population
query	292	polyethylene whose molecular weight
query	293	pineapple green cheek conure price
query	294	executive director of the alaska
query	295	warm red
query	296	adelaide and in the south
query	297	station household hazardous waste collection
query	298	strongest and will draw
query	299	population which is the 6th
query	300	overlay in which area
