query	1	multi - year distribution agreement
query	2	actor ludacris
query	3	chronic myelogenous leukemia
query	4	swedish acute leukemia registry
query	5	starting salaries
query	6	tremblant international airport
query	7	airport outfit
query	8	al baik food
query	9	architectural design values
query	10	asus mobiles price list
query	11	order
query	12	automated cells
query	13	v. bashed
query	14	quintessential cologne aftershave lotion scent
query	15	belizean cuisine
query	16	benefit administrators group
query	17	largest german shepherd
query	18	locum job vacancy
query	19	bipolar mood disorder
query	20	solar charge controller
query	21	cups blueberries
query	22	zher
query	23	silver tone numbers dangle charm
query	24	population growth rate
query	25	qin shi huang
query	26	business first bank
query	27	verapamil
query	28	days past ovulation
query	29	start date
query	30	latest census data
query	31	active oldest votes
query	32	calorie count
query	33	elliptical exercise
query	34	overall calories
query	35	calorie breakdown
query	36	bratwurst calories
query	37	result campagnolo
query	38	select partition command
query	39	programs feature
query	40	chronic granulomatous disease
query	41	chagas disease symptoms
query	42	% fat
query	43	child psychiatrist salary
query	44	pork carnitas taco
query	45	cincinnati spikes
query	46	circadian rhythm sleep disorder
query	47	simple color overlay
query	48	coloring page
query	49	columbus iron works
query	50	data tools group
query	51	copperhead bites
query	52	crew fort worth
query	53	current assets
query	54	few fad weight loss diets
query	55	david tepper net worth
query	56	current dcu checks
query	57	deed restrictions law
query	58	u.s. singer tim storms
query	59	domestic flight tickets
query	60	dendritic spine
query	61	awt components share.ee awtevent
query	62	salt detox bath instructions
query	63	devine color creamy wall coatings
query	64	glucose co -
query	65	top american model dianna dahlgren
query	66	high intensity discharge
query	67	grants
query	68	mature bone cells
query	69	fervent prayers
query	70	phosphor
query	71	concrete bonding agent
query	72	earliest signs
query	73	whey protein
query	74	user environment variables
query	75	resin price range
query	76	extended hours construction permit application
query	77	fastest smartphone processor
query	78	fastest production lamborghini
query	79	fenugreek seeds
query	80	previous season
query	81	carpal tunnel syndrome
query	82	teri robert
query	83	r. lovely words
query	84	poor quality food
query	85	high calcium foods
query	86	green tea â high
query	87	useful foods
query	88	various sources
query	89	izzam ahamed
query	90	george walton lucas jr.
query	91	uses rose geranium
query	92	dendritic cells
query	93	complete first season
query	94	central america guatemala formal region
query	95	affordable modification program
query	96	hemoglobin a1c levels
query	97	painful sores
query	98	health care reform
query	99	health services administrator salaries
query	100	heart rate increases
query	101	n
query	102	discover itâ ® card
query	103	maruti ciaz diesel shvs-
query	104	cristiano ronaldo net worth
query	105	scoring playoff game
query	106	highest income tax states
query	107	kenneth howard atwater
query	108	homocysteine test
query	109	honda civic type r price
query	110	hopalong cassidy
query	111	performance home
query	112	complete idiot
query	113	bookmarks import bookmarks
query	114	inter - bank fund transfers
query	115	larger file size uploads
query	116	indiana baseball coach
query	117	insight cuba
query	118	roth ira transactions
query	119	irish food
query	120	irregular flagstone
query	121	soy milk
query	122	preparation starbucks java chip frappuccino
query	123	more fun
query	124	jujubes history
query	125	kã¶nig class
query	126	trademark introduction
query	127	intensive body frame
query	128	adirondack regional airport
query	129	national geophysical data center
query	130	large rabbit breeds
query	131	old age lauren london
query	132	synonyms
query	133	italian cheese bread
query	134	linkedinâs field engineer
query	135	official world record
query	136	model carolina arthur
query	137	old greenland shark
query	138	notorious racist archie bunker
query	139	losartan erectile dysfunction
query	140	busan lotte town tower
query	141	washington mario batali
query	142	job description
query	143	symptoms
query	144	central line infections
query	145	world life expectancy
query	146	miami international airport
query	147	carbon monoxide poisoning
query	148	best luxury car brands
query	149	valuable sports teams
query	150	expensive violin
query	151	lottery tracking website lotto numbers
query	152	neil diamond songs
query	153	fox news
query	154	north carolina coast
query	155	german baby name
query	156	p.m. nauticus
query	157	ndola lime company
query	158	many different body systems
query	159	nicotinic antagonists
query	160	large csv files
query	161	bone pain
query	162	clinical depression
query	163	pomegranate seeds nutrition facts
query	164	pottawatomie creek massacre
query	165	other symptoms
query	166	san rafael swell
query	167	prohibition
query	168	severe cases
query	169	reflexive pronoun
query	170	average salary
query	171	wild gray rabbits
query	172	common side effects
query	173	more statsview
query	174	russell simmons net worth
query	175	at&t galaxy s6 offerings
query	176	saudi public transport company
query	177	secura personal cleanser
query	178	payroll schedule
query	179	good fruit choice
query	180	possible side effects
query	181	smoking
query	182	san diego comic
query	183	sydney weather
query	184	underarm pain
query	185	parkinsonâs disease
query	186	adam fleischer
query	187	tceq bpat license renewal
query	188	analog temperature sensors
query	189	temple university
query	190	time travel
query	191	tobira therapeutics
query	192	curved nail
query	193	trade price carpets
query	194	type headaches
query	195	los angeles
query	196	upcoming events
query	197	post - traumatic stress disorder
query	198	matrix structure
query	199	kart racing
query	200	sales tax rate
query	201	duty green berets
query	202	target bullet round
query	203	vanda species
query	204	income fund
query	205	verrucous lesions
query	206	paystubs online
query	207	virginia corporation tax returns
query	208	numerous viruses
query	209	visceral cavity
query	210	chemotherapy medications
query	211	vittorio cottafavi
query	212	paternity process
query	213	viru viru international airport
query	214	war guilt clause
query	215	mortgage rates
query	216	watery eyes
query	217	vermont unemployment weekly claim
query	218	current position
query	219	population density
query	220	westborough public library
query	221	non - interactive download
query	222	additional large planets
query	223	monogamy noun
query	224	dr. mehmet oz
query	225	whole grains
query	226	alpha orthodontics
query	227	thomas cruise mapother iv
query	228	live part
query	229	month price targets
query	230	culpeper flag
query	231	billy bush
query	232	google chrome browser features
query	233	average winncompanies salary
query	234	world population
query	235	biggest largemouth bass
query	236	quick caution
query	237	stonetalon mountains
query	238	wright city
query	239	yeast infections
query	240	carnation evaporated milk
query	241	carewell urgent care
query	242	carbon reactivation facilities
query	243	top adverse synonyms
query	244	populated province
query	245	total local sales tax rate
query	246	calorie count
query	247	thomas fire
query	248	vj multimedia
query	249	floor
query	250	war thunder launcher
query	251	âoriginal revenge film
query	252	wadi sirhan
query	253	water supply systems
query	254	cadillac de ville alternator replacement
query	255	cardi b. cardi b
query	256	vinny pazienza net worth
query	257	coronary artery disease
query	258	vermont chocolate factory chocolate hollow
query	259	usb host controller interface
query	260	other synonyms
query	261	troy school district
query	262	dental veneers
query	263	tv star
query	264	thermo fisher scientific
query	265	britne oldford net worth
query	266	diode temperature sensors
query	267	31â ° f
query	268	other braidy shareholders
query	269	law dictionary
query	270	stevie wonder net worth
query	271	investinghaven stellar lumens price forecast
query	272	sprint family locator
query	273	charter communications
query	274	sore | synonyms
query	275	possible store closing
query	276	shane filan net worth
query	277	renowned red hat enterprise virtualization
query	278	oral side effects nausea
query	279	semispinalis capitis function bilaterally-
query	280	k team supervisor average salary
query	281	sea cucumber
query	282	adam bossov
query	283	schizandra dosage
query	284	saphenous nerve entrapment
query	285	black mass
query	286	classic stealth black
query	287	advanced stages
query	288	safe cooking temperature
query	289	psychological defense mechanism
query	290	new castle pennsylvania population charts
query	291	optimal tuning
query	292	molecular weight
query	293	pineapple green cheek conure price
query	294	alaska native science commission
query	295	yellow c
query	296	benson radiology
query	297	northwoods transfer station
query	298	big icelandic storms
query	299	north branford connecticut population charts
query	300	ma area code information
