query	1	suddenlink espn parent
query	2	winning rapper actor
query	3	myelogenous leukemia include
query	4	myeloid leukemia aml
query	5	salaries rise 28
query	6	closest airports fairmont
query	7	chilly plane leggings
query	8	houston texas 77090
query	9	important influences architects
query	10	selfie 32gb best
query	11	auger dig order
query	12	factory automation robotics
query	13	hood car sledgehammer
query	14	exotic spices allspice
query	15	bread flour tortillas
query	16	recognized leader insurance
query	17	largest german shepherd
query	18	job vacancy biomedical
query	19	bipolar mood disorder
query	20	solar boost sb2000e
query	21	pint fresh blueberries
query	22	like say lingerie
query	23	dangle charm snake
query	24	higher national average
query	25	burning libraries chinese
query	26	address 435 corporate
query	27	calcium channel blocker
query	28	days following ovulation
query	29	date cell b2
query	30	calgary highest growth
query	31	vote function powershell
query	32	sweet potato baked
query	33	pound woman 30
query	34	calories crab meat
query	35	italian beef calorie
query	36	pork beef bratwurst
query	37	bikes riders teams
query	38	delete partition boot
query	39	windows add remove
query	40	chronic granulomatous disease
query	41	disease swelling redness
query	42	pepper cherry calorie
query	43	child psychiatrist salary
query	44	330 calories taco
query	45	league midwest prospect
query	46	rhythm sleep disorder
query	47	photoshop color overlay
query	48	coloring page printable
query	49	heaters 1920s tractor
query	50	function box click
query	51	bites immediately painful
query	52	non profit organization
query	53	cash 12 months
query	54	2015 weight watchers
query	55	american businessman philanthropist
query	56	log online banking
query	57	property developers restrict
query	58	animals massive elephants
query	59	pay new flights
query	60	dendritic spine spine
query	61	graphics images user
query	62	baking soda boiling
query	63	paint devine color
query	64	type diabetes mellitus
query	65	popular fitness instructor
query	66	hid led lighting
query	67	scholarships grants scholarships
query	68	osteocytes mature bone
query	69	hindu prayers different
query	70	coating led phosphor
query	71	wall apply stucco
query	72	signs pregnancy spotting
query	73	best ingredients whey
query	74	environment variables exist
query	75	127 square foot
query	76	noon preceding wednesday
query	77	fastest smartphone processor
query	78	fastest production lamborghini
query	79	used treatment diabetes
query	80	2017 history canada
query	81	fingers pain tingling
query	82	foods cause problems
query	83	having raisins dessert
query	84	fungus diet cause
query	85	dv calcium 1000mg
query	86	antioxidants green tea
query	87	sugar include vegetables
query	88	symptoms listed flushed
query	89	degree automotive management
query	90	american filmmaker entrepreneur
query	91	reduce nerve pain
query	92	cells devour intruders
query	93	complete second season
query	94	geography central america
query	95	make monthly mortgage
query	96	diabetes levels higher
query	97	scalp caused infection
query	98	health policy creation
query	99	80 000 seattle
query	100	faster exercise pump
query	101	crusty ends loaf
query	102	best cash cards
query	103	best mileage cars
query	104	highest paid footballer
query	105	nba record 100
query	106	10 highest income
query	107	arrested charge driving
query	108	risk heart attack
query	109	compete rivals ford
query	110	horse discovered ranch
query	111	hp envy 15
query	112	newest upcoming books
query	113	bookmarks mozilla firefox
query	114	hdfc bank koramangala
query	115	size uploaded web
query	116	louisville baseball coach
query	117	trips offering new
query	118	days notify irs
query	119	pork sausage bacon
query	120	irregular flagstone usually
query	121	jackfruit reserving buttermilk
query	122	milk ice chocolate
query	123	ginger spiced carrot
query	124	rose spearmint lemon
query	125	battleships built german
query	126	lakegirl trademark information
query	127	jaguar pace velar
query	128	lake clear cabins
query	129	25 biggest earthquakes
query	130	large rabbit breeds
query	131	minutes left birthday
query	132	equating verb links
query	133	italian cheese bread
query	134	lockheed martin jobs
query	135	record longest hair
query	136	worldâ longest legs
query	137	greenland sharks longest
query	138	longest running sitcoms
query	139	cardiologist told heart
query	140	510 supertall skyscraper
query	141	chef tv personality
query	142	job description marketing
query	143	mastocytosis includes 30
query	144	cvls closed medication
query	145	data rankings mexico
query	146	miami international airport
query	147	monoxide poisoning include
query	148	best luxury car
query	149	50 valuable sports
query	150	expensive violin world
query	151	website lotto numbers
query	152	diamonds popular song
query	153	fox news ratings
query	154	300 miles beach
query	155	lennart german baby
query	156	wisconsin closed thanksgiving
query	157	ndola lime company
query	158	bacteria lead destruction
query	159	nicotinic antagonists inhibit
query	160	files mysql quicker
query	161	calcium blood hypercalcemia
query	162	anxiety depression parkinson
query	163	cup pomegranate seeds
query	164	dragged cabins massacred
query	165	anxious getting pregnant
query	166	coal mining recreational
query	167	prohibition smoking restaurants
query	168	having allergic reaction
query	169	reflexive sentence hurt
query	170	salary ranging 25
query	171	wild gray rabbits
query	172	skin rash tachycardia
query	173	parents oklahoma father
query	174	successful american entrepreneur
query	175	year free netflix
query	176	382 major trips
query	177	antimicrobial skin cleanser
query	178	twice month biweekly
query	179	watermelon good fruit
query	180	steroid injections include
query	181	major cause cancers
query	182	suicide squad 2016
query	183	winter 340 sunny
query	184	armpit pain likely
query	185	parkinsonâ disease slowing
query	186	taylor swift rap
query	187	licensee earn sixteen
query	188	temperature sensors simple
query	189	476 female students
query	190	time travel concept
query	191	therapeutics updated price
query	192	cause ingrown toenail
query	193	happy carpets service
query	194	healthier alternative medicine
query	195	envelope postcard failure
query	196	132 people follow
query	197	history sexual abuse
query	198	software engineers product
query	199	kart racing sprint
query	200	unemployment rate honolulu
query	201	00am army recruits
query	202	arms pistols light
query	203	orchidaceae 50 species
query	204	capital appreciation investing
query	205	verrucous hemangioma malformation
query	206	paystubs online secure
query	207	april 15 file
query	208	creating numerous viruses
query	209	visceral cavity toad
query	210	mysoline chemotherapy medications
query	211	directed 70 films
query	212	couples voluntary acknowledgment
query	213	bolivia biggest airline
query	214	guilt clause germany
query	215	mortgages 28 dropped
query	216	eyes definition tears
query	217	vermont unemployment weekly
query	218	president corporate initiatives
query	219	washington population 33
query	220	historic town documents
query	221	web supports http
query	222	solar image nasa
query	223	polygamy monogamous adjective
query	224	wheat germ improves
query	225	based fruits vegetables
query	226	alpha orthodontics office
query	227	tom cruise birth
query	228	power transformer grounding
query	229	12 month price
query	230	minutemen banner snake
query	231	bush nephew president
query	232	google chrome browser
query	233	accountant jobs company
query	234	2017 population world
query	235	biggest largemouth bass
query	236	urine deer deterrent
query	237	hot iron pokers
query	238	higher national average
query	239	yeast infections include
query	240	rowing minutes chopping
query	241	massachusetts 42 washington
query	242	largest non hazardous
query	243	contrary unfavourable detrimental
query	244	canada smallest province
query	245	sales tax rate
query	246	380 calories burrito
query	247	california largest wildfire
query	248	hours 10am 7pm
query	249	heat kitchen style
query	250	desktop developed 2012
query	251	revenge film walking
query	252	azrak eastern jordan
query	253	systems vulnerability assessments
query	254	replacement costs 378
query	255	23 fan favorite
query	256	worth 300 000
query	257	cardiovascular diseases common
query	258	vegan chocolate factory
query	259	usb host controller
query	260	broad general synonyms
query	261	915 students stayed
query	262	tooth colored porcelain
query	263	successful career tv
query	264	companies make file
query	265	canadian film television
query	266	temperature sensor cheap
query	267	hot muggy winters
query	268	industrialist louisville shareholders
query	269	law dictionary free
query	270	100 million records
query	271	2018 newest addition
query	272	family phones 15
query	273	disability benefits tuition
query	274	excruciating gnawing grievous
query	275	store hours shopko
query	276	supporter michael jackson
query	277	hat enterprise linux
query	278	vaginal bleeding periods
query	279	trunk turn rotate
query	280	supervisor salary 41k
query	281	sea cucumber helps
query	282	service located chicago
query	283	thrice daily tea
query	284	leg knee pain
query	285	firecracker plot black
query	286	black cities bangalore
query	287	gastric cancer following
query	288	cooking cuts pork
query	289	projection psychological defense
query	290	4th population change
query	291	pbil algorithm simpler
query	292	ultra high molecular
query	293	species pineapple green
query	294	alaska ms cochran
query	295	152 purple bb29bb
query	296	delivering doctors patients
query	297	canceled 10 pm
query	298	big icelandic storms
query	299	connecticut population charts
query	300	massachusetts area codes
